UNKNOWN,2025-07-30,18:42:04.622,0,0
UNKNOWN,2025-07-30,18:42:04.726,0,0
UNKNOWN,2025-07-30,18:42:04.828,0,0
UNKNOWN,2025-07-30,18:42:04.931,0,0
UNKNOWN,2025-07-30,18:42:05.033,0,0
UNKNOWN,2025-07-30,18:42:05.136,0,0
UNKNOWN,2025-07-30,18:42:05.238,0,0
UNKNOWN,2025-07-30,18:42:05.341,0,0
UNKNOWN,2025-07-30,18:42:05.443,0,0
UNKNOWN,2025-07-30,18:42:05.545,0,0
UNKNOWN,2025-07-30,18:42:05.647,0,0
UNKNOWN,2025-07-30,18:42:05.749,0,0
UNKNOWN,2025-07-30,18:42:05.851,0,0
UNKNOWN,2025-07-30,18:42:05.953,0,0
UNKNOWN,2025-07-30,18:42:06.055,0,0
UNKNOWN,2025-07-30,18:42:06.157,0,0
UNKNOWN,2025-07-30,18:42:06.260,0,0
UNKNOWN,2025-07-30,18:42:06.363,0,0
UNKNOWN,2025-07-30,18:42:06.465,0,0
UNKNOWN,2025-07-30,18:42:06.567,0,0
UNKNOWN,2025-07-30,18:42:06.669,0,0
UNKNOWN,2025-07-30,18:42:06.771,0,0
UNKNOWN,2025-07-30,18:42:06.873,0,0
UNKNOWN,2025-07-30,18:42:06.983,0,0
UNKNOWN,2025-07-30,18:42:07.088,0,0
UNKNOWN,2025-07-30,18:42:07.190,0,0
UNKNOWN,2025-07-30,18:42:07.292,0,0
UNKNOWN,2025-07-30,18:42:07.394,0,0
UNKNOWN,2025-07-30,18:42:07.496,0,0
UNKNOWN,2025-07-30,18:42:07.598,0,0
UNKNOWN,2025-07-30,18:42:07.700,0,0
UNKNOWN,2025-07-30,18:42:07.805,0,0
UNKNOWN,2025-07-30,18:42:07.906,0,0
UNKNOWN,2025-07-30,18:42:08.008,0,0
UNKNOWN,2025-07-30,18:42:08.111,0,0
UNKNOWN,2025-07-30,18:42:08.216,0,0
UNKNOWN,2025-07-30,18:42:08.318,0,0
UNKNOWN,2025-07-30,18:42:08.420,0,0
UNKNOWN,2025-07-30,18:42:08.524,0,0
UNKNOWN,2025-07-30,18:42:08.627,0,0
UNKNOWN,2025-07-30,18:42:08.729,0,0
UNKNOWN,2025-07-30,18:42:08.831,0,0
UNKNOWN,2025-07-30,18:42:08.932,0,0
UNKNOWN,2025-07-30,18:42:09.034,0,0
UNKNOWN,2025-07-30,18:42:09.157,0,0
UNKNOWN,2025-07-30,18:42:09.267,0,0
UNKNOWN,2025-07-30,18:42:09.369,0,0
UNKNOWN,2025-07-30,18:42:09.471,0,0
UNKNOWN,2025-07-30,18:42:09.574,0,0
UNKNOWN,2025-07-30,18:42:09.676,0,0
UNKNOWN,2025-07-30,18:42:09.778,0,0
UNKNOWN,2025-07-30,18:42:09.881,0,0
UNKNOWN,2025-07-30,18:42:09.983,0,0
UNKNOWN,2025-07-30,18:42:10.086,0,0
UNKNOWN,2025-07-30,18:42:10.188,0,0
UNKNOWN,2025-07-30,18:42:10.290,0,0
UNKNOWN,2025-07-30,18:42:10.393,0,0
UNKNOWN,2025-07-30,18:42:10.495,0,0
UNKNOWN,2025-07-30,18:42:10.597,0,0
UNKNOWN,2025-07-30,18:42:10.700,0,0
UNKNOWN,2025-07-30,18:42:10.801,0,0
UNKNOWN,2025-07-30,18:42:10.904,0,0
UNKNOWN,2025-07-30,18:42:11.005,0,0
UNKNOWN,2025-07-30,18:42:11.110,0,0
UNKNOWN,2025-07-30,18:42:11.213,0,0
UNKNOWN,2025-07-30,18:42:11.314,0,0
UNKNOWN,2025-07-30,18:42:11.417,0,0
UNKNOWN,2025-07-30,18:42:11.534,0,0
UNKNOWN,2025-07-30,18:42:11.641,0,0
UNKNOWN,2025-07-30,18:42:11.743,0,0
UNKNOWN,2025-07-30,18:42:11.845,0,0
UNKNOWN,2025-07-30,18:42:11.949,0,0
UNKNOWN,2025-07-30,18:42:12.050,0,0
UNKNOWN,2025-07-30,18:42:12.152,0,0
UNKNOWN,2025-07-30,18:42:12.254,0,0
UNKNOWN,2025-07-30,18:42:12.356,0,0
UNKNOWN,2025-07-30,18:42:12.458,0,0
UNKNOWN,2025-07-30,18:42:12.597,0,0
UNKNOWN,2025-07-30,18:42:12.745,0,0
UNKNOWN,2025-07-30,18:42:12.847,0,0
UNKNOWN,2025-07-30,18:42:12.949,0,0
UNKNOWN,2025-07-30,18:42:13.051,0,0
UNKNOWN,2025-07-30,18:42:13.154,0,0
UNKNOWN,2025-07-30,18:42:13.256,0,0
UNKNOWN,2025-07-30,18:42:13.359,0,0
UNKNOWN,2025-07-30,18:42:13.461,0,0
UNKNOWN,2025-07-30,18:42:13.563,0,0
UNKNOWN,2025-07-30,18:42:13.665,0,0
UNKNOWN,2025-07-30,18:42:13.766,0,0
UNKNOWN,2025-07-30,18:42:13.869,0,0
UNKNOWN,2025-07-30,18:42:13.971,0,0
UNKNOWN,2025-07-30,18:42:14.073,0,0
UNKNOWN,2025-07-30,18:42:14.175,0,0
UNKNOWN,2025-07-30,18:42:14.278,0,0
UNKNOWN,2025-07-30,18:42:14.380,0,0
UNKNOWN,2025-07-30,18:42:14.482,0,0
UNKNOWN,2025-07-30,18:42:14.584,0,0
UNKNOWN,2025-07-30,18:42:14.686,0,0
UNKNOWN,2025-07-30,18:42:14.788,0,0
UNKNOWN,2025-07-30,18:42:14.891,0,0
UNKNOWN,2025-07-30,18:42:14.993,0,0
TCS-BSE,30-07-25,18:52:52,3053.55,27
TCS-BSE,30-07-25,18:52:52,3053.55,27
TCS-BSE,30-07-25,18:52:53,3053.55,27
TCS-BSE,30-07-25,18:52:53,3053.55,27
TCS-BSE,30-07-25,18:52:53,3053.55,27
TCS-BSE,30-07-25,18:52:53,3053.55,27
TCS-BSE,30-07-25,18:52:53,3053.55,27
TCS-BSE,30-07-25,18:52:53,3053.55,27
TCS-BSE,30-07-25,18:52:53,3053.55,27
TCS-BSE,30-07-25,18:52:53,3053.55,27
TCS-BSE,30-07-25,18:52:53,3053.55,27
TCS-BSE,30-07-25,18:52:53,3053.55,27
TCS-BSE,30-07-25,18:52:54,3053.55,27
TCS-BSE,30-07-25,18:52:54,3053.55,27
TCS-BSE,30-07-25,18:52:54,3053.55,27
TCS-BSE,30-07-25,18:52:54,3053.55,27
TCS-BSE,30-07-25,18:52:54,3053.55,27
TCS-BSE,30-07-25,18:52:54,3053.55,27
TCS-BSE,30-07-25,18:52:54,3053.55,27
TCS-BSE,30-07-25,18:52:54,3053.55,27
TCS-BSE,30-07-25,18:52:54,3053.55,27
TCS-BSE,30-07-25,18:52:55,3053.55,27
TCS-BSE,30-07-25,18:52:55,3053.55,27
TCS-BSE,30-07-25,18:52:55,3053.55,27
TCS-BSE,30-07-25,18:52:55,3053.55,27
TCS-BSE,30-07-25,18:52:55,3053.55,27
TCS-BSE,30-07-25,18:52:55,3053.55,27
TCS-BSE,30-07-25,18:52:55,3053.55,27
TCS-BSE,30-07-25,18:52:55,3053.55,27
TCS-BSE,30-07-25,18:52:55,3053.55,27
TCS-BSE,30-07-25,18:52:55,3053.55,27
TCS-BSE,30-07-25,18:52:56,3053.55,27
TCS-BSE,30-07-25,18:52:56,3053.55,27
TCS-BSE,30-07-25,18:52:56,3053.55,27
TCS-BSE,30-07-25,18:52:56,3053.55,27
TCS-BSE,30-07-25,18:52:56,3053.55,27
TCS-BSE,30-07-25,18:52:56,3053.55,27
TCS-BSE,30-07-25,18:52:56,3053.55,27
TCS-BSE,30-07-25,18:52:56,3053.55,27
TCS-BSE,30-07-25,18:52:56,3053.55,27
TCS-BSE,30-07-25,18:52:56,3053.55,27
TCS-BSE,30-07-25,18:52:57,3053.55,27
TCS-BSE,30-07-25,18:52:57,3053.55,27
TCS-BSE,30-07-25,18:52:57,3053.55,27
TCS-BSE,30-07-25,18:52:57,3053.55,27
TCS-BSE,30-07-25,18:52:57,3053.55,27
TCS-BSE,30-07-25,18:52:57,3053.55,27
TCS-BSE,30-07-25,18:52:57,3053.55,27
TCS-BSE,30-07-25,18:52:57,3053.55,27
TCS-BSE,30-07-25,18:52:57,3053.55,27
TCS-BSE,30-07-25,18:52:58,3053.55,27
TCS-BSE,30-07-25,18:52:58,3053.55,27
TCS-BSE,30-07-25,18:52:58,3053.55,27
TCS-BSE,30-07-25,18:52:58,3053.55,27
TCS-BSE,30-07-25,18:52:58,3053.55,27
TCS-BSE,30-07-25,18:52:58,3053.55,27
TCS-BSE,30-07-25,18:52:58,3053.55,27
TCS-BSE,30-07-25,18:52:58,3053.55,27
TCS-BSE,30-07-25,18:52:58,3053.55,27
TCS-BSE,30-07-25,18:52:58,3053.55,27
TCS-BSE,30-07-25,18:52:59,3053.55,27
TCS-BSE,30-07-25,18:52:59,3053.55,27
TCS-BSE,30-07-25,18:52:59,3053.55,27
TCS-BSE,30-07-25,18:52:59,3053.55,27
TCS-BSE,30-07-25,18:52:59,3053.55,27
TCS-BSE,30-07-25,18:52:59,3053.55,27
TCS-BSE,30-07-25,18:52:59,3053.55,27
TCS-BSE,30-07-25,18:52:59,3053.55,27
TCS-BSE,30-07-25,18:52:59,3053.55,27
TCS-BSE,30-07-25,18:52:59,3053.55,27
TCS-BSE,30-07-25,18:53:00,3053.55,27
TCS-BSE,30-07-25,18:53:00,3053.55,27
TCS-BSE,30-07-25,18:53:00,3053.55,27
TCS-BSE,30-07-25,18:53:00,3053.55,27
TCS-BSE,30-07-25,18:53:00,3053.55,27
TCS-BSE,30-07-25,18:53:00,3053.55,27
TCS-BSE,30-07-25,18:53:00,3053.55,27
TCS-BSE,30-07-25,18:53:00,3053.55,27
TCS-BSE,30-07-25,18:53:00,3053.55,27
TCS-BSE,30-07-25,18:53:00,3053.55,27
TCS-BSE,30-07-25,18:53:01,3053.55,27
TCS-BSE,30-07-25,18:53:01,3053.55,27
TCS-BSE,30-07-25,18:53:01,3053.55,27
TCS-BSE,30-07-25,18:53:01,3053.55,27
TCS-BSE,30-07-25,18:53:01,3053.55,27
TCS-BSE,30-07-25,18:53:01,3053.55,27
TCS-BSE,30-07-25,18:53:01,3053.55,27
TCS-BSE,30-07-25,18:53:01,3053.55,27
TCS-BSE,30-07-25,18:53:01,3053.55,27
TCS-BSE,30-07-25,18:53:01,3053.55,27
TCS-BSE,30-07-25,18:53:02,3053.55,27
TCS-BSE,30-07-25,18:53:02,3053.55,27
TCS-BSE,30-07-25,18:53:02,3053.55,27
TCS-BSE,30-07-25,18:53:02,3053.55,27
TCS-BSE,30-07-25,18:53:02,3053.55,27
TCS-BSE,30-07-25,18:53:02,3053.55,27
TCS-BSE,30-07-25,18:53:02,3053.55,27
TCS-BSE,30-07-25,18:53:02,3053.55,27
TCS-BSE,30-07-25,18:53:02,3053.55,27
TCS-BSE,30-07-25,18:53:03,3053.55,27
TCS-BSE,30-07-25,18:53:03,3053.55,27
TCS-BSE,30-07-25,18:53:03,3053.55,27
TCS-BSE,30-07-25,18:53:03,3053.55,27
TCS-BSE,30-07-25,18:53:03,3053.55,27
TCS-BSE,30-07-25,18:53:03,3053.55,27
TCS-BSE,30-07-25,18:53:03,3053.55,27
TCS-BSE,30-07-25,18:53:03,3053.55,27
TCS-BSE,30-07-25,18:53:03,3053.55,27
TCS-BSE,30-07-25,18:53:03,3053.55,27
TCS-BSE,30-07-25,18:53:04,3053.55,27
TCS-BSE,30-07-25,18:53:04,3053.55,27
TCS-BSE,30-07-25,18:53:04,3053.55,27
TCS-BSE,30-07-25,18:53:04,3053.55,27
TCS-BSE,30-07-25,18:53:04,3053.55,27
TCS-BSE,30-07-25,18:53:04,3053.55,27
TCS-BSE,30-07-25,18:53:04,3053.55,27
TCS-BSE,30-07-25,18:53:04,3053.55,27
TCS-BSE,30-07-25,18:53:04,3053.55,27
TCS-BSE,30-07-25,18:53:04,3053.55,27
TCS-BSE,30-07-25,18:53:05,3053.55,27
TCS-BSE,30-07-25,18:53:05,3053.55,27
TCS-BSE,30-07-25,18:53:05,3053.55,27
TCS-BSE,30-07-25,18:53:05,3053.55,27
TCS-BSE,30-07-25,18:53:05,3053.55,27
TCS-BSE,30-07-25,18:53:05,3053.55,27
TCS-BSE,30-07-25,18:53:05,3053.55,27
TCS-BSE,30-07-25,18:53:05,3053.55,27
TCS-BSE,30-07-25,18:53:05,3053.55,27
TCS-BSE,30-07-25,18:53:06,3053.55,27
TCS-BSE,30-07-25,18:53:06,3053.55,27
TCS-BSE,30-07-25,18:53:06,3053.55,27
TCS-BSE,30-07-25,18:53:06,3053.55,27
TCS-BSE,30-07-25,18:53:06,3053.55,27
TCS-BSE,30-07-25,18:53:06,3053.55,27
TCS-BSE,30-07-25,18:53:06,3053.55,27
TCS-BSE,30-07-25,18:53:06,3053.55,27
TCS-BSE,30-07-25,18:53:06,3053.55,27
TCS-BSE,30-07-25,18:53:06,3053.55,27
TCS-BSE,30-07-25,18:53:07,3053.55,27
TCS-BSE,30-07-25,18:53:07,3053.55,27
TCS-BSE,30-07-25,18:53:07,3053.55,27
TCS-BSE,30-07-25,18:53:07,3053.55,27
TCS-BSE,30-07-25,18:53:07,3053.55,27
TCS-BSE,30-07-25,18:53:07,3053.55,27
TCS-BSE,30-07-25,18:53:07,3053.55,27
TCS-BSE,30-07-25,18:53:07,3053.55,27
TCS-BSE,30-07-25,18:53:08,3053.55,27
TCS-BSE,30-07-25,18:53:08,3053.55,27
TCS-BSE,30-07-25,18:53:08,3053.55,27
TCS-BSE,30-07-25,18:53:08,3053.55,27
TCS-BSE,30-07-25,18:53:08,3053.55,27
TCS-BSE,30-07-25,18:53:08,3053.55,27
TCS-BSE,30-07-25,18:53:08,3053.55,27
TCS-BSE,30-07-25,18:53:08,3053.55,27
TCS-BSE,30-07-25,18:53:08,3053.55,27
TCS-BSE,30-07-25,18:53:08,3053.55,27
TCS-BSE,30-07-25,18:53:09,3053.55,27
TCS-BSE,30-07-25,18:53:09,3053.55,27
TCS-BSE,30-07-25,18:53:09,3053.55,27
TCS-BSE,30-07-25,18:53:09,3053.55,27
TCS-BSE,30-07-25,18:53:09,3053.55,27
TCS-BSE,30-07-25,18:53:09,3053.55,27
TCS-BSE,30-07-25,18:53:09,3053.55,27
TCS-BSE,30-07-25,18:53:09,3053.55,27
TCS-BSE,30-07-25,18:53:09,3053.55,27
TCS-BSE,30-07-25,18:53:09,3053.55,27
TCS-BSE,30-07-25,18:53:10,3053.55,27
TCS-BSE,30-07-25,18:53:10,3053.55,27
TCS-BSE,30-07-25,18:53:10,3053.55,27
TCS-BSE,30-07-25,18:53:10,3053.55,27
TCS-BSE,30-07-25,18:53:10,3053.55,27
TCS-BSE,30-07-25,18:53:10,3053.55,27
TCS-BSE,30-07-25,18:53:10,3053.55,27
TCS-BSE,30-07-25,18:53:10,3053.55,27
TCS-BSE,30-07-25,18:53:10,3053.55,27
TCS-BSE,30-07-25,18:53:10,3053.55,27
TCS-BSE,30-07-25,18:53:11,3053.55,27
TCS-BSE,30-07-25,18:53:11,3053.55,27
TCS-BSE,30-07-25,18:53:11,3053.55,27
TCS-BSE,30-07-25,18:53:11,3053.55,27
TCS-BSE,30-07-25,18:53:11,3053.55,27
TCS-BSE,30-07-25,18:53:11,3053.55,27
TCS-BSE,30-07-25,18:53:11,3053.55,27
TCS-BSE,30-07-25,18:53:11,3053.55,27
TCS-BSE,30-07-25,18:53:11,3053.55,27
TCS-BSE,30-07-25,18:53:12,3053.55,27
TCS-BSE,30-07-25,18:53:12,3053.55,27
TCS-BSE,30-07-25,18:53:12,3053.55,27
TCS-BSE,30-07-25,18:53:12,3053.55,27
TCS-BSE,30-07-25,18:53:12,3053.55,27
TCS-BSE,30-07-25,18:53:12,3053.55,27
TCS-BSE,30-07-25,18:53:12,3053.55,27
TCS-BSE,30-07-25,18:53:12,3053.55,27
TCS-BSE,30-07-25,18:53:12,3053.55,27
TCS-BSE,30-07-25,18:53:12,3053.55,27
TCS-BSE,30-07-25,18:53:13,3053.55,27
TCS-BSE,30-07-25,18:53:13,3053.55,27
TCS-BSE,30-07-25,18:53:13,3053.55,27
TCS-BSE,30-07-25,18:53:13,3053.55,27
TCS-BSE,30-07-25,18:53:13,3053.55,27
TCS-BSE,30-07-25,18:53:13,3053.55,27
TCS-BSE,30-07-25,18:53:13,3053.55,27
TCS-BSE,30-07-25,18:53:13,3053.55,27
TCS-BSE,30-07-25,18:53:13,3053.55,27
TCS-BSE,30-07-25,18:53:14,3053.55,27
TCS-BSE,30-07-25,18:53:14,3053.55,27
TCS-BSE,30-07-25,18:53:14,3053.55,27
TCS-BSE,30-07-25,18:53:14,3053.55,27
TCS-BSE,30-07-25,18:53:14,3053.55,27
TCS-BSE,30-07-25,18:53:14,3053.55,27
TCS-BSE,30-07-25,18:53:14,3053.55,27
TCS-BSE,30-07-25,18:53:14,3053.55,27
TCS-BSE,30-07-25,18:53:14,3053.55,27
TCS-BSE,30-07-25,18:53:14,3053.55,27
TCS-BSE,30-07-25,18:53:15,3053.55,27
TCS-BSE,30-07-25,18:53:15,3053.55,27
TCS-BSE,30-07-25,18:53:15,3053.55,27
TCS-BSE,30-07-25,18:53:15,3053.55,27
TCS-BSE,30-07-25,18:53:15,3053.55,27
TCS-BSE,30-07-25,18:53:15,3053.55,27
TCS-BSE,30-07-25,18:53:15,3053.55,27
TCS-BSE,30-07-25,18:53:15,3053.55,27
TCS-BSE,30-07-25,18:53:15,3053.55,27
TCS-BSE,30-07-25,18:53:15,3053.55,27
TCS-BSE,30-07-25,18:53:16,3053.55,27
TCS-BSE,30-07-25,18:53:16,3053.55,27
TCS-BSE,30-07-25,18:53:16,3053.55,27
TCS-BSE,30-07-25,18:53:16,3053.55,27
TCS-BSE,30-07-25,18:53:16,3053.55,27
TCS-BSE,30-07-25,18:53:16,3053.55,27
TCS-BSE,30-07-25,18:53:16,3053.55,27
TCS-BSE,30-07-25,18:53:16,3053.55,27
TCS-BSE,30-07-25,18:53:16,3053.55,27
TCS-BSE,30-07-25,18:53:17,3053.55,27
TCS-BSE,30-07-25,18:53:17,3053.55,27
TCS-BSE,30-07-25,18:53:17,3053.55,27
TCS-BSE,30-07-25,18:53:17,3053.55,27
TCS-BSE,30-07-25,18:53:17,3053.55,27
TCS-BSE,30-07-25,18:53:17,3053.55,27
TCS-BSE,30-07-25,18:53:17,3053.55,27
TCS-BSE,30-07-25,18:53:17,3053.55,27
TCS-BSE,30-07-25,18:53:17,3053.55,27
TCS-BSE,30-07-25,18:53:17,3053.55,27
TCS-BSE,30-07-25,18:53:18,3053.55,27
TCS-BSE,30-07-25,19:01:03,3053.55,27
TCS-BSE,30-07-25,19:01:03,3053.55,27
TCS-BSE,30-07-25,19:01:03,3053.55,27
TCS-BSE,30-07-25,19:01:03,3053.55,27
TCS-BSE,30-07-25,19:01:03,3053.55,27
TCS-BSE,30-07-25,19:01:03,3053.55,27
TCS-BSE,30-07-25,19:01:03,3053.55,27
TCS-BSE,30-07-25,19:01:04,3053.55,27
TCS-BSE,30-07-25,19:01:04,3053.55,27
TCS-BSE,30-07-25,19:01:04,3053.55,27
TCS-BSE,30-07-25,19:01:04,3053.55,27
TCS-BSE,30-07-25,19:01:04,3053.55,27
TCS-BSE,30-07-25,19:01:04,3053.55,27
TCS-BSE,30-07-25,19:01:04,3053.55,27
TCS-BSE,30-07-25,19:01:04,3053.55,27
TCS-BSE,30-07-25,19:01:04,3053.55,27
TCS-BSE,30-07-25,19:01:04,3053.55,27
TCS-BSE,30-07-25,19:01:05,3053.55,27
TCS-BSE,30-07-25,19:01:05,3053.55,27
TCS-BSE,30-07-25,19:01:05,3053.55,27
TCS-BSE,30-07-25,19:01:05,3053.55,27
TCS-BSE,30-07-25,19:01:05,3053.55,27
TCS-BSE,30-07-25,19:01:05,3053.55,27
TCS-BSE,30-07-25,19:01:05,3053.55,27
TCS-BSE,30-07-25,19:01:05,3053.55,27
TCS-BSE,30-07-25,19:01:05,3053.55,27
TCS-BSE,30-07-25,19:01:05,3053.55,27
TCS-BSE,30-07-25,19:01:06,3053.55,27
TCS-BSE,30-07-25,19:01:06,3053.55,27
TCS-BSE,30-07-25,19:01:06,3053.55,27
TCS-BSE,30-07-25,19:01:06,3053.55,27
TCS-BSE,30-07-25,19:01:06,3053.55,27
TCS-BSE,30-07-25,19:01:06,3053.55,27
TCS-BSE,30-07-25,19:01:06,3053.55,27
TCS-BSE,30-07-25,19:01:06,3053.55,27
TCS-BSE,30-07-25,19:01:06,3053.55,27
TCS-BSE,30-07-25,19:01:06,3053.55,27
TCS-BSE,30-07-25,19:01:07,3053.55,27
TCS-BSE,30-07-25,19:01:07,3053.55,27
TCS-BSE,30-07-25,19:01:07,3053.55,27
TCS-BSE,30-07-25,19:01:07,3053.55,27
TCS-BSE,30-07-25,19:01:07,3053.55,27
TCS-BSE,30-07-25,19:01:07,3053.55,27
TCS-BSE,30-07-25,19:01:07,3053.55,27
TCS-BSE,30-07-25,19:01:07,3053.55,27
TCS-BSE,30-07-25,19:01:07,3053.55,27
TCS-BSE,30-07-25,19:01:07,3053.55,27
TCS-BSE,30-07-25,19:01:08,3053.55,27
TCS-BSE,30-07-25,19:01:08,3053.55,27
TCS-BSE,30-07-25,19:01:08,3053.55,27
TCS-BSE,30-07-25,19:01:08,3053.55,27
TCS-BSE,30-07-25,19:01:08,3053.55,27
TCS-BSE,30-07-25,19:01:08,3053.55,27
TCS-BSE,30-07-25,19:01:08,3053.55,27
TCS-BSE,30-07-25,19:01:08,3053.55,27
TCS-BSE,30-07-25,19:01:08,3053.55,27
TCS-BSE,30-07-25,19:01:09,3053.55,27
TCS-BSE,30-07-25,19:01:09,3053.55,27
TCS-BSE,30-07-25,19:01:09,3053.55,27
TCS-BSE,30-07-25,19:01:09,3053.55,27
TCS-BSE,30-07-25,19:01:09,3053.55,27
TCS-BSE,30-07-25,19:01:09,3053.55,27
TCS-BSE,30-07-25,19:01:09,3053.55,27
TCS-BSE,30-07-25,19:01:09,3053.55,27
TCS-BSE,30-07-25,19:01:09,3053.55,27
TCS-BSE,30-07-25,19:01:09,3053.55,27
TCS-BSE,30-07-25,19:01:10,3053.55,27
TCS-BSE,30-07-25,19:01:10,3053.55,27
TCS-BSE,30-07-25,19:01:10,3053.55,27
TCS-BSE,30-07-25,19:01:10,3053.55,27
TCS-BSE,30-07-25,19:01:10,3053.55,27
TCS-BSE,30-07-25,19:01:10,3053.55,27
TCS-BSE,30-07-25,19:01:10,3053.55,27
TCS-BSE,30-07-25,19:01:10,3053.55,27
TCS-BSE,30-07-25,19:01:10,3053.55,27
TCS-BSE,30-07-25,19:01:10,3053.55,27
TCS-BSE,30-07-25,19:01:11,3053.55,27
TCS-BSE,30-07-25,19:01:11,3053.55,27
TCS-BSE,30-07-25,19:01:11,3053.55,27
TCS-BSE,30-07-25,19:01:11,3053.55,27
TCS-BSE,30-07-25,19:01:11,3053.55,27
TCS-BSE,30-07-25,19:01:11,3053.55,27
TCS-BSE,30-07-25,19:01:11,3053.55,27
TCS-BSE,30-07-25,19:01:11,3053.55,27
TCS-BSE,30-07-25,19:01:11,3053.55,27
TCS-BSE,30-07-25,19:01:11,3053.55,27
TCS-BSE,30-07-25,19:01:12,3053.55,27
TCS-BSE,30-07-25,19:01:12,3053.55,27
TCS-BSE,30-07-25,19:01:12,3053.55,27
TCS-BSE,30-07-25,19:01:12,3053.55,27
TCS-BSE,30-07-25,19:01:12,3053.55,27
TCS-BSE,30-07-25,19:01:12,3053.55,27
TCS-BSE,30-07-25,19:01:12,3053.55,27
TCS-BSE,30-07-25,19:01:12,3053.55,27
TCS-BSE,30-07-25,19:01:12,3053.55,27
TCS-BSE,30-07-25,19:01:13,3053.55,27
TCS-BSE,30-07-25,19:01:13,3053.55,27
TCS-BSE,30-07-25,19:01:13,3053.55,27
TCS-BSE,30-07-25,19:01:13,3053.55,27
TCS-BSE,30-07-25,19:01:13,3053.55,27
TCS-BSE,30-07-25,19:01:13,3053.55,27
TCS-BSE,30-07-25,19:01:13,3053.55,27
TCS-BSE,30-07-25,19:01:13,3053.55,27
TCS-BSE,30-07-25,19:01:13,3053.55,27
TCS-BSE,30-07-25,19:01:13,3053.55,27
TCS-BSE,30-07-25,19:01:14,3053.55,27
TCS-BSE,30-07-25,19:01:14,3053.55,27
TCS-BSE,30-07-25,19:01:14,3053.55,27
TCS-BSE,30-07-25,19:01:14,3053.55,27
TCS-BSE,30-07-25,19:01:14,3053.55,27
TCS-BSE,30-07-25,19:01:14,3053.55,27
TCS-BSE,30-07-25,19:01:14,3053.55,27
TCS-BSE,30-07-25,19:01:14,3053.55,27
TCS-BSE,30-07-25,19:01:14,3053.55,27
TCS-BSE,30-07-25,19:01:14,3053.55,27
TCS-BSE,30-07-25,19:01:15,3053.55,27
TCS-BSE,30-07-25,19:01:15,3053.55,27
TCS-BSE,30-07-25,19:01:15,3053.55,27
TCS-BSE,30-07-25,19:01:15,3053.55,27
TCS-BSE,30-07-25,19:01:15,3053.55,27
TCS-BSE,30-07-25,19:01:15,3053.55,27
TCS-BSE,30-07-25,19:01:15,3053.55,27
TCS-BSE,30-07-25,19:01:15,3053.55,27
TCS-BSE,30-07-25,19:01:15,3053.55,27
TCS-BSE,30-07-25,19:01:15,3053.55,27
TCS-BSE,30-07-25,19:01:16,3053.55,27
TCS-BSE,30-07-25,19:01:16,3053.55,27
TCS-BSE,30-07-25,19:01:16,3053.55,27
TCS-BSE,30-07-25,19:01:16,3053.55,27
TCS-BSE,30-07-25,19:01:16,3053.55,27
TCS-BSE,30-07-25,19:01:16,3053.55,27
TCS-BSE,30-07-25,19:01:16,3053.55,27
TCS-BSE,30-07-25,19:01:16,3053.55,27
TCS-BSE,30-07-25,19:01:16,3053.55,27
TCS-BSE,30-07-25,19:01:16,3053.55,27
TCS-BSE,30-07-25,19:01:17,3053.55,27
TCS-BSE,30-07-25,19:01:17,3053.55,27
TCS-BSE,30-07-25,19:01:17,3053.55,27
TCS-BSE,30-07-25,19:01:17,3053.55,27
TCS-BSE,30-07-25,19:01:17,3053.55,27
TCS-BSE,30-07-25,19:01:17,3053.55,27
TCS-BSE,30-07-25,19:01:17,3053.55,27
TCS-BSE,30-07-25,19:01:17,3053.55,27
TCS-BSE,30-07-25,19:01:17,3053.55,27
TCS-BSE,30-07-25,19:01:18,3053.55,27
TCS-BSE,30-07-25,19:01:18,3053.55,27
TCS-BSE,30-07-25,19:01:18,3053.55,27
TCS-BSE,30-07-25,19:01:18,3053.55,27
TCS-BSE,30-07-25,19:01:18,3053.55,27
TCS-BSE,30-07-25,19:01:18,3053.55,27
TCS-BSE,30-07-25,19:01:18,3053.55,27
TCS-BSE,30-07-25,19:01:18,3053.55,27
TCS-BSE,30-07-25,19:01:18,3053.55,27
TCS-BSE,30-07-25,19:01:18,3053.55,27
TCS-BSE,30-07-25,19:01:19,3053.55,27
TCS-BSE,30-07-25,19:01:19,3053.55,27
TCS-BSE,30-07-25,19:01:19,3053.55,27
TCS-BSE,30-07-25,19:01:19,3053.55,27
TCS-BSE,30-07-25,19:01:19,3053.55,27
TCS-BSE,30-07-25,19:01:19,3053.55,27
TCS-BSE,30-07-25,19:01:19,3053.55,27
TCS-BSE,30-07-25,19:01:19,3053.55,27
TCS-BSE,30-07-25,19:01:19,3053.55,27
TCS-BSE,30-07-25,19:01:19,3053.55,27
TCS-BSE,30-07-25,19:01:20,3053.55,27
TCS-BSE,30-07-25,19:01:20,3053.55,27
TCS-BSE,30-07-25,19:01:20,3053.55,27
TCS-BSE,30-07-25,19:01:20,3053.55,27
TCS-BSE,30-07-25,19:01:20,3053.55,27
TCS-BSE,30-07-25,19:01:20,3053.55,27
TCS-BSE,30-07-25,19:01:20,3053.55,27
TCS-BSE,30-07-25,19:01:20,3053.55,27
TCS-BSE,30-07-25,19:01:20,3053.55,27
TCS-BSE,30-07-25,19:01:20,3053.55,27
TCS-BSE,30-07-25,19:01:21,3053.55,27
TCS-BSE,30-07-25,19:01:21,3053.55,27
TCS-BSE,30-07-25,19:01:21,3053.55,27
TCS-BSE,30-07-25,19:01:21,3053.55,27
TCS-BSE,30-07-25,19:01:21,3053.55,27
TCS-BSE,30-07-25,19:01:21,3053.55,27
TCS-BSE,30-07-25,19:01:21,3053.55,27
TCS-BSE,30-07-25,19:01:21,3053.55,27
TCS-BSE,30-07-25,19:01:21,3053.55,27
TCS-BSE,30-07-25,19:01:21,3053.55,27
TCS-BSE,30-07-25,19:01:22,3053.55,27
TCS-BSE,30-07-25,19:01:22,3053.55,27
TCS-BSE,30-07-25,19:01:22,3053.55,27
TCS-BSE,30-07-25,19:01:22,3053.55,27
TCS-BSE,30-07-25,19:01:22,3053.55,27
TCS-BSE,30-07-25,19:01:22,3053.55,27
TCS-BSE,30-07-25,19:01:22,3053.55,27
TCS-BSE,30-07-25,19:01:22,3053.55,27
TCS-BSE,30-07-25,19:01:22,3053.55,27
TCS-BSE,30-07-25,19:01:23,3053.55,27
TCS-BSE,30-07-25,19:01:23,3053.55,27
TCS-BSE,30-07-25,19:01:23,3053.55,27
TCS-BSE,30-07-25,19:01:23,3053.55,27
TCS-BSE,30-07-25,19:01:23,3053.55,27
TCS-BSE,30-07-25,19:01:23,3053.55,27
TCS-BSE,30-07-25,19:01:23,3053.55,27
TCS-BSE,30-07-25,19:01:23,3053.55,27
TCS-BSE,30-07-25,19:01:23,3053.55,27
TCS-BSE,30-07-25,19:01:23,3053.55,27
TCS-BSE,30-07-25,19:01:24,3053.55,27
TCS-BSE,30-07-25,19:01:24,3053.55,27
TCS-BSE,30-07-25,19:01:24,3053.55,27
TCS-BSE,30-07-25,19:01:24,3053.55,27
TCS-BSE,30-07-25,19:01:24,3053.55,27
TCS-BSE,30-07-25,19:01:24,3053.55,27
TCS-BSE,30-07-25,19:01:24,3053.55,27
TCS-BSE,30-07-25,19:01:24,3053.55,27
TCS-BSE,30-07-25,19:01:24,3053.55,27
TCS-BSE,30-07-25,19:01:24,3053.55,27
TCS-BSE,30-07-25,19:01:25,3053.55,27
TCS-BSE,30-07-25,19:01:25,3053.55,27
TCS-BSE,30-07-25,19:01:25,3053.55,27
TCS-BSE,30-07-25,19:01:25,3053.55,27
TCS-BSE,30-07-25,19:01:25,3053.55,27
TCS-BSE,30-07-25,19:01:25,3053.55,27
TCS-BSE,30-07-25,19:01:25,3053.55,27
TCS-BSE,30-07-25,19:01:25,3053.55,27
TCS-BSE,30-07-25,19:01:25,3053.55,27
TCS-BSE,30-07-25,19:01:25,3053.55,27
TCS-BSE,30-07-25,19:01:26,3053.55,27
TCS-BSE,30-07-25,19:01:26,3053.55,27
TCS-BSE,30-07-25,19:01:26,3053.55,27
TCS-BSE,30-07-25,19:01:26,3053.55,27
TCS-BSE,30-07-25,19:01:26,3053.55,27
TCS-BSE,30-07-25,19:01:26,3053.55,27
TCS-BSE,30-07-25,19:01:26,3053.55,27
TCS-BSE,30-07-25,19:01:26,3053.55,27
TCS-BSE,30-07-25,19:01:26,3053.55,27
TCS-BSE,30-07-25,19:01:27,3053.55,27
TCS-BSE,30-07-25,19:01:27,3053.55,27
TCS-BSE,30-07-25,19:01:27,3053.55,27
TCS-BSE,30-07-25,19:01:27,3053.55,27
TCS-BSE,30-07-25,19:01:27,3053.55,27
TCS-BSE,30-07-25,19:01:27,3053.55,27
TCS-BSE,30-07-25,19:01:27,3053.55,27
TCS-BSE,30-07-25,19:01:27,3053.55,27
TCS-BSE,30-07-25,19:01:27,3053.55,27
TCS-BSE,30-07-25,19:01:27,3053.55,27
TCS-BSE,30-07-25,19:01:28,3053.55,27
TCS-BSE,30-07-25,19:01:28,3053.55,27
TCS-BSE,30-07-25,19:01:28,3053.55,27
TCS-BSE,30-07-25,19:01:28,3053.55,27
TCS-BSE,30-07-25,19:01:28,3053.55,27
TCS-BSE,30-07-25,19:01:28,3053.55,27
TCS-BSE,30-07-25,19:01:28,3053.55,27
TCS-BSE,30-07-25,19:01:28,3053.55,27
TCS-BSE,30-07-25,19:01:28,3053.55,27
TCS-BSE,30-07-25,19:01:28,3053.55,27
TCS-BSE,30-07-25,19:01:29,3053.55,27
TCS-BSE,30-07-25,19:01:29,3053.55,27
TCS-BSE,30-07-25,19:01:29,3053.55,27
TCS-BSE,30-07-25,19:01:29,3053.55,27
TCS-BSE,30-07-25,19:01:29,3053.55,27
TCS-BSE,30-07-25,19:01:29,3053.55,27
TCS-BSE,30-07-25,19:01:29,3053.55,27
TCS-BSE,30-07-25,19:01:29,3053.55,27
TCS-BSE,30-07-25,19:01:29,3053.55,27
TCS-BSE,30-07-25,19:01:29,3053.55,27
TCS-BSE,30-07-25,19:01:30,3053.55,27
TCS-BSE,30-07-25,19:01:30,3053.55,27
TCS-BSE,30-07-25,19:01:30,3053.55,27
TCS-BSE,30-07-25,19:01:30,3053.55,27
TCS-BSE,30-07-25,19:01:30,3053.55,27
TCS-BSE,30-07-25,19:01:30,3053.55,27
TCS-BSE,30-07-25,19:01:30,3053.55,27
TCS-BSE,30-07-25,19:01:30,3053.55,27
TCS-BSE,30-07-25,19:01:30,3053.55,27
TCS-BSE,30-07-25,19:01:30,3053.55,27
TCS-BSE,30-07-25,19:01:31,3053.55,27
TCS-BSE,30-07-25,19:01:31,3053.55,27
TCS-BSE,30-07-25,19:01:31,3053.55,27
TCS-BSE,30-07-25,19:01:31,3053.55,27
TCS-BSE,30-07-25,19:01:31,3053.55,27
TCS-BSE,30-07-25,19:01:31,3053.55,27
TCS-BSE,30-07-25,19:01:31,3053.55,27
TCS-BSE,30-07-25,19:01:31,3053.55,27
TCS-BSE,30-07-25,19:01:31,3053.55,27
TCS-BSE,30-07-25,19:01:32,3053.55,27
TCS-BSE,30-07-25,19:01:32,3053.55,27
TCS-BSE,30-07-25,19:01:32,3053.55,27
TCS-BSE,30-07-25,19:01:32,3053.55,27
TCS-BSE,30-07-25,19:01:32,3053.55,27
TCS-BSE,30-07-25,19:01:32,3053.55,27
TCS-BSE,30-07-25,19:01:32,3053.55,27
TCS-BSE,30-07-25,19:01:32,3053.55,27
TCS-BSE,30-07-25,19:01:32,3053.55,27
TCS-BSE,30-07-25,19:01:32,3053.55,27
TCS-BSE,30-07-25,19:01:33,3053.55,27
TCS-BSE,30-07-25,19:01:33,3053.55,27
TCS-BSE,30-07-25,19:01:33,3053.55,27
TCS-BSE,30-07-25,19:01:33,3053.55,27
TCS-BSE,30-07-25,19:01:33,3053.55,27
TCS-BSE,30-07-25,19:01:33,3053.55,27
TCS-BSE,30-07-25,19:01:33,3053.55,27
TCS-BSE,30-07-25,19:01:33,3053.55,27
TCS-BSE,30-07-25,19:01:33,3053.55,27
TCS-BSE,30-07-25,19:01:33,3053.55,27
TCS-BSE,30-07-25,19:01:34,3053.55,27
TCS-BSE,30-07-25,19:01:34,3053.55,27
TCS-BSE,30-07-25,19:01:34,3053.55,27
TCS-BSE,30-07-25,19:01:34,3053.55,27
TCS-BSE,30-07-25,19:01:34,3053.55,27
TCS-BSE,30-07-25,19:01:34,3053.55,27
TCS-BSE,30-07-25,19:01:34,3053.55,27
TCS-BSE,30-07-25,19:01:34,3053.55,27
TCS-BSE,30-07-25,19:01:34,3053.55,27
TCS-BSE,30-07-25,19:01:34,3053.55,27
TCS-BSE,30-07-25,19:01:35,3053.55,27
TCS-BSE,30-07-25,19:01:35,3053.55,27
TCS-BSE,30-07-25,19:01:35,3053.55,27
TCS-BSE,30-07-25,19:01:35,3053.55,27
TCS-BSE,30-07-25,19:01:35,3053.55,27
TCS-BSE,30-07-25,19:01:35,3053.55,27
TCS-BSE,30-07-25,19:01:35,3053.55,27
TCS-BSE,30-07-25,19:01:35,3053.55,27
TCS-BSE,30-07-25,19:01:35,3053.55,27
TCS-BSE,30-07-25,19:01:35,3053.55,27
TCS-BSE,30-07-25,19:01:36,3053.55,27
TCS-BSE,30-07-25,19:01:36,3053.55,27
TCS-BSE,30-07-25,19:01:36,3053.55,27
TCS-BSE,30-07-25,19:01:36,3053.55,27
TCS-BSE,30-07-25,19:01:36,3053.55,27
TCS-BSE,30-07-25,19:01:36,3053.55,27
TCS-BSE,30-07-25,19:01:36,3053.55,27
TCS-BSE,30-07-25,19:01:36,3053.55,27
TCS-BSE,30-07-25,19:01:36,3053.55,27
TCS-BSE,30-07-25,19:01:37,3053.55,27
TCS-BSE,30-07-25,19:01:37,3053.55,27
TCS-BSE,30-07-25,19:01:37,3053.55,27
TCS-BSE,30-07-25,19:01:37,3053.55,27
TCS-BSE,30-07-25,19:01:37,3053.55,27
TCS-BSE,30-07-25,19:01:37,3053.55,27
TCS-BSE,30-07-25,19:01:37,3053.55,27
TCS-BSE,30-07-25,19:01:37,3053.55,27
TCS-BSE,30-07-25,19:01:37,3053.55,27
TCS-BSE,30-07-25,19:01:37,3053.55,27
TCS-BSE,30-07-25,19:01:38,3053.55,27
TCS-BSE,30-07-25,19:01:38,3053.55,27
TCS-BSE,30-07-25,19:01:38,3053.55,27
TCS-BSE,30-07-25,19:01:38,3053.55,27
TCS-BSE,30-07-25,19:01:38,3053.55,27
TCS-BSE,30-07-25,19:01:38,3053.55,27
TCS-BSE,30-07-25,19:01:38,3053.55,27
TCS-BSE,30-07-25,19:01:38,3053.55,27
TCS-BSE,30-07-25,19:01:38,3053.55,27
TCS-BSE,30-07-25,19:01:38,3053.55,27
TCS-BSE,30-07-25,19:01:39,3053.55,27

TCS-BSE,31-07-25,16:03:36,3037.35,5
TCS-BSE,31-07-25,16:03:37,3037.35,5
TCS-BSE,31-07-25,16:03:37,3037.35,5
TCS-BSE,31-07-25,16:03:37,3037.35,5
TCS-BSE,31-07-25,16:03:37,3037.35,5
TCS-BSE,31-07-25,16:03:37,3037.35,5
TCS-BSE,31-07-25,16:03:37,3037.35,5
TCS-BSE,31-07-25,16:03:37,3037.35,5
TCS-BSE,31-07-25,16:03:37,3037.35,5
TCS-BSE,31-07-25,16:03:37,3037.35,5
TCS-BSE,31-07-25,16:03:38,3037.35,5
TCS-BSE,31-07-25,16:03:38,3037.35,5
TCS-BSE,31-07-25,16:03:38,3037.35,5
TCS-BSE,31-07-25,16:03:38,3037.35,5
TCS-BSE,31-07-25,16:03:38,3037.35,5
TCS-BSE,31-07-25,16:03:38,3037.35,5
TCS-BSE,31-07-25,16:03:38,3037.35,5
TCS-BSE,31-07-25,16:03:38,3037.35,5
TCS-BSE,31-07-25,16:03:38,3037.35,5
TCS-BSE,31-07-25,16:03:39,3037.35,5
TCS-BSE,31-07-25,16:03:39,3037.35,5
TCS-BSE,31-07-25,16:03:39,3037.35,5
TCS-BSE,31-07-25,16:03:39,3037.35,5
TCS-BSE,31-07-25,16:03:39,3037.35,5
TCS-BSE,31-07-25,16:03:39,3037.35,5
TCS-BSE,31-07-25,16:03:39,3037.35,5
TCS-BSE,31-07-25,16:03:39,3037.35,5
TCS-BSE,31-07-25,16:03:39,3037.35,5
TCS-BSE,31-07-25,16:03:40,3037.35,5
TCS-BSE,31-07-25,16:03:40,3037.35,5
TCS-BSE,31-07-25,16:03:40,3037.35,5
TCS-BSE,31-07-25,16:03:40,3037.35,5
TCS-BSE,31-07-25,16:03:40,3037.35,5
TCS-BSE,31-07-25,16:03:40,3037.35,5
TCS-BSE,31-07-25,16:03:40,3037.35,5
TCS-BSE,31-07-25,16:03:40,3037.35,5
TCS-BSE,31-07-25,16:03:40,3037.35,5
TCS-BSE,01-08-25,09:06:33,3037.35,0
TCS-BSE,01-08-25,09:06:33,3037.35,0
TCS-BSE,01-08-25,09:06:33,3037.35,0
TCS-BSE,01-08-25,09:06:33,3037.35,0
TCS-BSE,01-08-25,09:06:33,3037.35,0
TCS-BSE,01-08-25,09:06:33,3037.35,0
TCS-BSE,01-08-25,09:06:34,3037.35,0
TCS,01-08-25,09:06:34,3033.2,4
TCS,01-08-25,09:06:34,3033.2,4
TCS,01-08-25,09:06:34,3033.2,4
TCS,01-08-25,09:06:34,3033.2,4
TCS,01-08-25,09:06:34,3033.2,4
TCS,01-08-25,09:06:34,3033.2,4
TCS,01-08-25,09:06:34,3033.2,4
TCS,01-08-25,09:06:34,3033.2,4
TCS,01-08-25,09:06:35,3033.2,4
TCS,01-08-25,09:06:35,3033.2,4
TCS,01-08-25,09:06:35,3033.2,4
TCS,01-08-25,09:06:35,3033.2,4
TCS,01-08-25,09:06:35,3033.2,4
TCS,01-08-25,09:06:35,3033.2,4
TCS,01-08-25,09:06:35,3033.2,4
TCS,01-08-25,09:06:35,3033.2,4
TCS,01-08-25,09:06:35,3033.2,4
TCS,01-08-25,09:06:35,3033.2,4
TCS,01-08-25,09:06:36,3033.2,4
TCS,01-08-25,09:06:36,3033.2,4
TCS,01-08-25,09:06:36,3033.2,4
TCS,01-08-25,09:06:36,3033.2,4
TCS,01-08-25,09:06:36,3033.2,4
TCS,01-08-25,09:06:36,3033.2,4
TCS,01-08-25,09:06:36,3033.2,4
TCS-BSE,01-08-25,09:06:36,3037.35,0
TCS-BSE,01-08-25,09:06:36,3037.35,0
TCS-BSE,01-08-25,09:06:36,3037.35,0
TCS-BSE,01-08-25,09:06:37,3037.35,0
TCS-BSE,01-08-25,09:06:37,3037.35,0
TCS-BSE,01-08-25,09:06:37,3037.35,0
TCS-BSE,01-08-25,09:06:37,3037.35,0
TCS-BSE,01-08-25,09:06:37,3037.35,0
TCS,01-08-25,09:06:37,3033.2,4
TCS,01-08-25,09:06:37,3033.2,4
TCS,01-08-25,09:06:37,3033.2,4
TCS,01-08-25,09:06:37,3033.2,4
TCS,01-08-25,09:06:37,3033.2,4
TCS,01-08-25,09:06:38,3033.2,4
TCS,01-08-25,09:06:38,3033.2,4
TCS,01-08-25,09:06:38,3033.2,4
TCS,01-08-25,09:06:38,3033.2,4
TCS,01-08-25,09:06:38,3033.2,4
TCS,01-08-25,09:06:38,3033.2,4
TCS,01-08-25,09:06:38,3033.2,4
TCS,01-08-25,09:06:38,3033.2,4
TCS,01-08-25,09:06:38,3033.2,4
TCS,01-08-25,09:06:38,3033.2,4
TCS,01-08-25,09:06:39,3033.2,4
TCS,01-08-25,09:06:39,3033.2,4
TCS,01-08-25,09:06:39,3033.2,4
TCS,01-08-25,09:06:39,3033.2,4
TCS,01-08-25,09:06:39,3033.2,4
TCS,01-08-25,09:06:39,3033.2,4
TCS,01-08-25,09:06:39,3033.2,4
TCS,01-08-25,09:06:39,3033.2,4
TCS,01-08-25,09:06:39,3033.2,4
TCS,01-08-25,09:06:39,3033.2,4
TCS,01-08-25,09:06:40,3033.2,4
TCS,01-08-25,09:06:40,3033.2,4
TCS,01-08-25,09:06:40,3033.2,4
TCS,01-08-25,09:06:40,3033.2,4
TCS,01-08-25,09:06:40,3033.2,4
TCS,01-08-25,09:06:40,3033.2,4
TCS,01-08-25,09:06:40,3033.2,4
TCS,01-08-25,09:06:40,3033.2,4
TCS,01-08-25,09:06:40,3033.2,4
TCS,01-08-25,09:06:41,3033.2,4
TCS,01-08-25,09:06:41,3033.2,4
TCS,01-08-25,09:06:41,3033.2,4
TCS,01-08-25,09:06:41,3033.2,4
TCS,01-08-25,09:06:41,3033.2,4
TCS,01-08-25,09:06:41,3033.2,4
TCS,01-08-25,09:06:41,3033.2,4
TCS,01-08-25,09:06:41,3033.2,4
TCS,01-08-25,09:06:41,3033.2,4
TCS,01-08-25,09:06:41,3033.2,4
TCS,01-08-25,09:06:42,3033.2,4
TCS-BSE,01-08-25,09:55:59,3022.0,35
TCS-BSE,01-08-25,09:55:59,3022.0,35
TCS-BSE,01-08-25,09:55:59,3022.0,35
TCS-BSE,01-08-25,09:55:59,3022.0,35
TCS,01-08-25,09:55:59,3022.1,1
TCS,01-08-25,09:55:59,3022.1,1
TCS-BSE,01-08-25,09:55:59,3022.0,35
TCS-BSE,01-08-25,09:55:59,3022.0,35
TCS-BSE,01-08-25,09:56:00,3022.0,35
TCS-BSE,01-08-25,09:56:00,3022.0,35
TCS-BSE,01-08-25,09:56:00,3022.0,35
TCS-BSE,01-08-25,09:56:00,3022.0,35
TCS-BSE,01-08-25,09:56:00,3022.0,35
TCS,01-08-25,09:56:00,3022.1,5
TCS,01-08-25,09:56:00,3022.1,5
TCS,01-08-25,09:56:00,3022.1,5
TCS,01-08-25,09:56:00,3022.1,5
TCS,01-08-25,09:56:00,3022.1,5
TCS,01-08-25,09:56:01,3022.1,5
TCS-BSE,01-08-25,09:56:01,3022.1,1
TCS-BSE,01-08-25,09:56:01,3022.1,1
TCS-BSE,01-08-25,09:56:01,3022.1,1
TCS,01-08-25,09:56:01,3022.1,10
TCS,01-08-25,09:56:01,3022.1,10
TCS,01-08-25,09:56:01,3022.1,10
TCS,01-08-25,09:56:01,3022.1,10
TCS,01-08-25,09:56:01,3022.1,10
TCS,01-08-25,09:56:01,3022.1,10
TCS,01-08-25,09:56:02,3022.1,10
TCS,01-08-25,09:56:02,3022.1,10
TCS,01-08-25,09:56:02,3022.1,10
TCS-BSE,01-08-25,09:56:02,3022.0,22
TCS,01-08-25,09:56:02,3022.1,10
TCS,01-08-25,09:56:02,3022.1,10
TCS,01-08-25,09:56:02,3022.1,10
TCS,01-08-25,09:56:02,3022.1,10
TCS,01-08-25,09:56:02,3022.1,10
TCS,01-08-25,09:56:03,3022.1,10
TCS,01-08-25,09:56:03,3022.1,10
TCS,01-08-25,09:56:03,3022.1,10
TCS,01-08-25,09:56:03,3022.1,10
TCS,01-08-25,09:56:03,3022.1,10
TCS,01-08-25,09:56:03,3022.1,10
TCS-BSE,01-08-25,09:56:03,3022.0,22
TCS,01-08-25,09:56:03,3022.1,22
TCS,01-08-25,09:56:03,3022.1,22
TCS,01-08-25,09:56:03,3022.1,22
TCS-BSE,01-08-25,09:56:04,3021.0,18
TCS-BSE,01-08-25,09:56:04,3021.0,18
TCS-BSE,01-08-25,09:56:04,3021.0,18
TCS-BSE,01-08-25,09:56:04,3021.0,18
TCS-BSE,01-08-25,09:56:04,3021.0,18
TCS-BSE,01-08-25,09:56:04,3021.0,18
TCS,01-08-25,09:56:04,3022.0,1
TCS,01-08-25,09:56:04,3022.0,1
TCS,01-08-25,09:56:04,3022.0,1
TCS,01-08-25,09:56:04,3022.0,1
TCS,01-08-25,09:56:05,3022.0,1
TCS,01-08-25,09:56:05,3022.0,1
TCS,01-08-25,09:56:05,3022.0,1
TCS,01-08-25,09:56:05,3022.0,1
TCS,01-08-25,09:56:05,3022.0,1
TCS,01-08-25,09:56:05,3021.5,2
TCS,01-08-25,09:56:05,3021.5,2
TCS,01-08-25,09:56:05,3021.5,2
TCS,01-08-25,09:56:05,3021.5,2
TCS,01-08-25,09:56:05,3021.5,2
TCS,01-08-25,09:56:06,3021.5,2
TCS-BSE,01-08-25,09:56:06,3021.0,18
TCS-BSE,01-08-25,09:56:06,3021.0,18
TCS-BSE,01-08-25,09:56:06,3021.0,18
TCS-BSE,01-08-25,09:56:06,3021.0,18
TCS-BSE,01-08-25,09:56:06,3021.0,18
TCS,01-08-25,09:56:06,3021.5,3
TCS,01-08-25,09:56:06,3021.5,3
TCS-BSE,01-08-25,09:56:34,3021.0,1
TCS-BSE,01-08-25,09:56:34,3021.0,1
TCS-BSE,01-08-25,09:56:34,3021.0,1
TCS-BSE,01-08-25,09:56:34,3021.0,1
TCS-BSE,01-08-25,09:56:34,3021.0,1
TCS-BSE,01-08-25,09:56:34,3021.0,1
TCS-BSE,01-08-25,09:56:35,3021.0,1
TCS-BSE,01-08-25,09:56:35,3021.65,1
TCS-BSE,01-08-25,09:56:35,3021.65,1
TCS-BSE,01-08-25,09:56:35,3021.65,1
TCS-BSE,01-08-25,09:56:35,3021.65,1
TCS-BSE,01-08-25,09:56:35,3021.65,1
TCS-BSE,01-08-25,09:56:35,3021.65,1
TCS-BSE,01-08-25,09:56:35,3021.65,1
TCS-BSE,01-08-25,09:56:35,3021.65,1
TCS-BSE,01-08-25,09:56:35,3021.65,1
TCS-BSE,01-08-25,09:56:36,3021.65,1
TCS,01-08-25,09:56:36,3020.5,5
TCS,01-08-25,09:56:36,3020.5,5
TCS,01-08-25,09:56:36,3020.5,5
TCS-BSE,01-08-25,10:06:48,3020.05,8
TCS,01-08-25,10:06:49,3020.8,1
TCS-BSE,01-08-25,10:06:49,3020.05,8
TCS,01-08-25,10:06:50,3020.3,2
TCS,01-08-25,10:06:50,3020.3,1
TCS-BSE,01-08-25,10:06:51,3020.05,8
TCS,01-08-25,10:06:51,3020.1,1
TCS-BSE,01-08-25,10:06:52,3020.05,8
TCS,01-08-25,10:06:52,3020.0,4
TCS-BSE,01-08-25,10:06:52,3020.05,8
TCS-BSE,01-08-25,10:06:53,3020.2,10
TCS,01-08-25,10:06:53,3020.3,1
TCS-BSE,01-08-25,10:06:53,3020.2,10
TCS,01-08-25,10:06:54,3020.1,17
TCS-BSE,01-08-25,10:06:54,3020.2,10
TCS,01-08-25,10:06:55,3020.2,4
TCS-BSE,01-08-25,10:06:55,3020.2,10
TCS,01-08-25,10:06:56,3020.2,12
TCS-BSE,01-08-25,10:06:56,3020.2,10
TCS,01-08-25,10:06:57,3020.1,4
TCS-BSE,01-08-25,10:06:57,3020.2,10
TCS,01-08-25,10:06:58,3020.0,1
TCS-BSE,01-08-25,10:06:58,3020.2,10
TCS,01-08-25,10:06:59,3020.2,2
TCS,01-08-25,10:06:59,3020.1,1
TCS-BSE,01-08-25,10:06:59,3020.2,10
TCS-BSE,01-08-25,10:10:35,3019.8,6
TCS,01-08-25,10:10:36,3021.0,37
TCS-BSE,01-08-25,10:10:36,3021.7,1
TCS,01-08-25,10:10:37,3020.0,13
TCS,01-08-25,10:10:37,3021.0,14
TCS-BSE,01-08-25,10:10:37,3021.6,1
TCS,01-08-25,10:10:40,3021.0,17
TCS-BSE,01-08-25,10:10:40,3020.25,7
TCS,01-08-25,10:10:41,3021.0,7
TCS-BSE,01-08-25,10:10:41,3021.75,1
TCS,01-08-25,10:10:42,3022.0,4
TCS-BSE,01-08-25,10:10:42,3021.75,1
TCS,01-08-25,10:10:43,3022.0,16
TCS-BSE,01-08-25,10:11:50,3021.5,2
TCS,01-08-25,10:11:50,3021.4,2
TCS-BSE,01-08-25,10:11:50,3021.5,2
TCS,01-08-25,10:11:51,3021.4,5
TCS-BSE,01-08-25,10:11:52,3021.35,1
TCS,01-08-25,10:11:52,3021.4,5
TCS-BSE,01-08-25,10:11:53,3021.35,1
TCS,01-08-25,10:11:53,3021.5,13
TCS-BSE,01-08-25,10:11:54,3021.75,1
TCS,01-08-25,10:11:55,3021.3,1
TCS-BSE,01-08-25,10:11:56,3021.75,1
TCS,01-08-25,10:11:56,3021.3,1
TCS-BSE,01-08-25,10:11:57,3021.75,1
TCS,01-08-25,10:11:57,3021.0,1
TCS-BSE,01-08-25,10:11:58,3021.75,1
TCS,01-08-25,10:11:58,3021.1,2
TCS-BSE,01-08-25,10:11:58,3021.75,1
TCS,01-08-25,10:11:59,3021.5,2
TCS-BSE,01-08-25,10:11:59,3021.75,1
TCS-BSE,01-08-25,10:15:55,3021.9,4
TCS,01-08-25,10:15:56,3021.9,2
TCS-BSE,01-08-25,10:15:56,3021.9,15
TCS,01-08-25,10:15:57,3021.9,1
TCS-BSE,01-08-25,10:15:58,3021.9,15
TCS,01-08-25,10:15:59,3021.3,2
TCS,01-08-25,10:16:00,3022.5,5
TCS,01-08-25,10:16:01,3022.5,1
TCS-BSE,01-08-25,10:16:02,3021.25,24
TCS,01-08-25,10:16:02,3022.5,2
TCS-BSE,01-08-25,10:16:03,3022.5,1
TCS,01-08-25,10:16:03,3022.5,2
TCS-BSE,01-08-25,10:16:04,3022.5,1
TCS,01-08-25,10:16:04,3022.5,2
TCS-BSE,01-08-25,10:16:05,3022.3,2
TCS,01-08-25,10:16:06,3022.3,3
TCS-BSE,01-08-25,10:16:16,3022.75,14
TCS,01-08-25,10:16:17,3022.5,2
TCS-BSE,01-08-25,10:16:17,3022.75,14
TCS,01-08-25,10:16:18,3022.5,2
TCS-BSE,01-08-25,10:16:18,3022.75,14
TCS,01-08-25,10:16:19,3022.5,2
TCS-BSE,01-08-25,10:16:19,3022.75,14
TCS,01-08-25,10:16:22,3022.5,3
TCS-BSE,01-08-25,10:16:22,3022.45,10
TCS,01-08-25,10:16:23,3022.4,1
TCS-BSE,01-08-25,10:16:23,3022.45,10
TCS,01-08-25,10:16:24,3022.3,3
TCS-BSE,01-08-25,10:16:25,3022.75,38
TCS,01-08-25,10:16:25,3022.3,1
TCS-BSE,01-08-25,10:16:25,3022.75,38
TCS,01-08-25,10:16:26,3022.3,2
TCS-BSE,01-08-25,10:17:13,3022.4,3
TCS-BSE,01-08-25,10:17:13,3021.2,5
TCS,01-08-25,10:17:14,3021.7,1
TCS-BSE,01-08-25,10:17:15,3022.05,1
TCS,01-08-25,10:17:15,3021.1,27
TCS,01-08-25,10:17:16,3021.7,1
TCS-BSE,01-08-25,10:17:16,3021.7,5
TCS,01-08-25,10:17:17,3021.7,2
TCS-BSE,01-08-25,10:17:17,3021.7,5
TCS,01-08-25,10:17:18,3021.2,1
TCS-BSE,01-08-25,10:17:18,3021.7,5
TCS,01-08-25,10:17:19,3021.2,1
TCS,01-08-25,10:17:20,3021.2,12
TCS-BSE,01-08-25,10:17:20,3021.7,5
TCS-BSE,01-08-25,10:17:21,3021.15,2
TCS,01-08-25,10:17:22,3021.1,17
TCS-BSE,01-08-25,10:17:22,3021.15,2
TCS,01-08-25,10:17:23,3021.2,4
TCS-BSE,01-08-25,10:17:23,3021.15,2
TCS,01-08-25,10:17:24,3021.1,1
TCS-BSE,01-08-25,10:21:11,3023.3,12
TCS-BSE,01-08-25,10:21:12,3025.0,1
TCS,01-08-25,10:21:13,3024.9,9
TCS-BSE,01-08-25,10:21:13,3025.0,1
TCS,01-08-25,10:21:13,3024.9,5
TCS-BSE,01-08-25,10:21:14,3025.0,4
TCS,01-08-25,10:21:14,3024.9,5
TCS,01-08-25,10:21:16,3024.9,2
TCS,01-08-25,10:21:17,3024.9,42
TCS-BSE,01-08-25,10:21:18,3024.9,4
TCS,01-08-25,10:21:18,3024.9,1
TCS-BSE,01-08-25,10:21:19,3024.9,4
TCS,01-08-25,10:21:19,3024.9,3
TCS-BSE,01-08-25,10:21:20,3024.9,4
TCS,01-08-25,10:21:20,3024.9,1
TCS-BSE,01-08-25,10:21:21,3024.9,4
TCS,01-08-25,10:21:21,3024.9,1
TCS-BSE,01-08-25,10:21:22,3024.9,4
TCS,01-08-25,10:21:22,3024.9,1
TCS,01-08-25,10:21:23,3024.8,29
TCS-BSE,01-08-25,10:21:24,3024.8,10
TCS,01-08-25,10:21:24,3024.8,1
TCS-BSE,01-08-25,10:21:24,3024.8,10
TCS,01-08-25,10:21:25,3024.8,60
TCS-BSE,01-08-25,10:21:26,3024.8,10
TCS,01-08-25,10:21:27,3024.4,2
TCS-BSE,01-08-25,10:21:27,3024.8,10
TCS,01-08-25,10:21:28,3024.4,3
TCS-BSE,01-08-25,10:21:28,3024.85,1
TCS,01-08-25,10:21:29,3024.0,1
TCS-BSE,01-08-25,10:21:29,3023.3,17
TCS,01-08-25,10:21:30,3024.8,11
TCS-BSE,01-08-25,10:21:30,3023.3,17
TCS-BSE,01-08-25,10:21:31,3024.8,1
TCS,01-08-25,10:21:31,3024.8,4


